{"cameraMode":{"drawMode":0,"name":"Shaded","section":"Shading Mode"},"sceneLighting":false,"audioPlay":false,"sceneViewState":{"m_AlwaysRefresh":false,"showFog":true,"showSkybox":false,"showFlares":true,"showImageEffects":true,"showParticleSystems":true,"showVisualEffectGraphs":true,"m_FxEnabled":true},"in2DMode":false,"pivot":{"x":-0.6872577667236328,"y":10.245088577270508,"z":1.197634220123291},"rotation":{"x":0.1757930964231491,"y":0.009169774129986763,"z":-0.0016172216273844243,"w":0.9844346046447754},"size":3.0564281940460207,"orthographic":false}