{"cameraMode":{"drawMode":0,"name":"Shaded","section":"Shading Mode"},"sceneLighting":false,"audioPlay":false,"sceneViewState":{"m_AlwaysRefresh":false,"showFog":true,"showSkybox":false,"showFlares":true,"showImageEffects":true,"showParticleSystems":true,"showVisualEffectGraphs":true,"m_FxEnabled":true},"in2DMode":false,"pivot":{"x":1.7004539966583253,"y":-2.4403433799743654,"z":9.173013687133789},"rotation":{"x":-0.32179179787635805,"y":-0.005977781023830175,"z":0.001999667612835765,"w":-0.9468445181846619},"size":18.191015243530275,"orthographic":false}