{"cameraMode":{"drawMode":0,"name":"Shaded","section":"Shading Mode"},"sceneLighting":false,"audioPlay":false,"sceneViewState":{"m_AlwaysRefresh":false,"showFog":true,"showSkybox":false,"showFlares":true,"showImageEffects":true,"showParticleSystems":true,"showVisualEffectGraphs":true,"m_FxEnabled":true},"in2DMode":false,"pivot":{"x":-1.4244312047958375,"y":-14.632479667663575,"z":8.790918350219727},"rotation":{"x":-0.3528626561164856,"y":0.002511825878173113,"z":-0.0009815824450924993,"w":-0.9357274770736694},"size":19.963115692138673,"orthographic":false}