{"cameraMode":{"drawMode":0,"name":"Shaded","section":"Shading Mode"},"sceneLighting":false,"audioPlay":false,"sceneViewState":{"m_AlwaysRefresh":false,"showFog":true,"showSkybox":false,"showFlares":true,"showImageEffects":true,"showParticleSystems":true,"showVisualEffectGraphs":true,"m_FxEnabled":true},"in2DMode":false,"pivot":{"x":22.551403045654298,"y":0.5048787593841553,"z":-40.79307556152344},"rotation":{"x":0.008289512246847153,"y":0.9868159294128418,"z":-0.053646355867385867,"w":0.15247581899166108},"size":60.0369987487793,"orthographic":false}