{"cameraMode":{"drawMode":0,"name":"Shaded","section":"Shading Mode"},"sceneLighting":false,"audioPlay":false,"sceneViewState":{"m_AlwaysRefresh":false,"showFog":true,"showSkybox":false,"showFlares":true,"showImageEffects":true,"showParticleSystems":true,"showVisualEffectGraphs":true,"m_FxEnabled":true},"in2DMode":false,"pivot":{"x":11.930051803588868,"y":3.0869531631469728,"z":3.8678436279296877},"rotation":{"x":-0.1511327028274536,"y":-0.03498820587992668,"z":0.005352723877876997,"w":-0.9878803491592407},"size":21.683143615722658,"orthographic":false}