{"cameraMode":{"drawMode":0,"name":"Shaded","section":"Shading Mode"},"sceneLighting":false,"audioPlay":false,"sceneViewState":{"m_AlwaysRefresh":false,"showFog":true,"showSkybox":false,"showFlares":true,"showImageEffects":true,"showParticleSystems":true,"showVisualEffectGraphs":true,"m_FxEnabled":true},"in2DMode":false,"pivot":{"x":-3.899263858795166,"y":13.94765853881836,"z":5.554107666015625},"rotation":{"x":-0.03593211993575096,"y":0.062316808849573138,"z":-0.0022451626136898996,"w":-0.9974088072776794},"size":28.74913215637207,"orthographic":false}