{"cameraMode":{"drawMode":0,"name":"Shaded","section":"Shading Mode"},"sceneLighting":false,"audioPlay":false,"sceneViewState":{"m_AlwaysRefresh":false,"showFog":true,"showSkybox":false,"showFlares":true,"showImageEffects":true,"showParticleSystems":true,"showVisualEffectGraphs":true,"m_FxEnabled":true},"in2DMode":false,"pivot":{"x":4.0219621658325199,"y":1.3162848949432374,"z":-5.170222282409668},"rotation":{"x":0.044772811233997348,"y":0.19035659730434419,"z":-0.008631200529634953,"w":0.9807263016700745},"size":2.0253355503082277,"orthographic":false}