{"cameraMode":{"drawMode":0,"name":"Shaded","section":"Shading Mode"},"sceneLighting":false,"audioPlay":false,"sceneViewState":{"m_AlwaysRefresh":false,"showFog":true,"showSkybox":false,"showFlares":true,"showImageEffects":true,"showParticleSystems":true,"showVisualEffectGraphs":true,"m_FxEnabled":true},"in2DMode":false,"pivot":{"x":3.0799624919891359,"y":1.6740168333053589,"z":2.395498275756836},"rotation":{"x":-0.03575970605015755,"y":-0.21449163556098939,"z":0.007815259508788586,"w":-0.9761033654212952},"size":2.182246208190918,"orthographic":false}