{"cameraMode":{"drawMode":0,"name":"Shaded","section":"Shading Mode"},"sceneLighting":false,"audioPlay":false,"sceneViewState":{"m_AlwaysRefresh":false,"showFog":true,"showSkybox":false,"showFlares":true,"showImageEffects":true,"showParticleSystems":true,"showVisualEffectGraphs":true,"m_FxEnabled":true},"in2DMode":false,"pivot":{"x":0.8138653039932251,"y":-8.221039772033692,"z":20.944231033325197},"rotation":{"x":-0.22504276037216187,"y":0.03330179676413536,"z":-0.007752866949886084,"w":-0.9738127589225769},"size":36.37664031982422,"orthographic":false}