{"cameraMode":{"drawMode":0,"name":"Shaded","section":"Shading Mode"},"sceneLighting":true,"audioPlay":false,"sceneViewState":{"m_AlwaysRefresh":false,"showFog":true,"showSkybox":true,"showFlares":true,"showImageEffects":true,"showParticleSystems":true,"showVisualEffectGraphs":true,"m_FxEnabled":true},"in2DMode":false,"pivot":{"x":150.46144104003907,"y":84.58244323730469,"z":171.1859588623047},"rotation":{"x":-0.09752243012189865,"y":-0.051631540060043338,"z":0.005066221579909325,"w":-0.9938808083534241},"size":217.44383239746095,"orthographic":false}