{"cameraMode":{"drawMode":0,"name":"Shaded","section":"Shading Mode"},"sceneLighting":false,"audioPlay":false,"sceneViewState":{"m_AlwaysRefresh":false,"showFog":true,"showSkybox":false,"showFlares":true,"showImageEffects":true,"showParticleSystems":true,"showVisualEffectGraphs":true,"m_FxEnabled":true},"in2DMode":false,"pivot":{"x":2.0971078872680666,"y":0.6055316925048828,"z":1.975945234298706},"rotation":{"x":-0.3942728042602539,"y":-0.037491749972105029,"z":0.016078274697065355,"w":-0.9181445837020874},"size":12.485722541809082,"orthographic":false}